{
  "aggregate": {
    "timestamp": "2021-03-23T02:38:00.329Z",
    "scenariosCreated": 60,
    "scenariosCompleted": 60,
    "requestsCompleted": 420,
    "latency": {
      "min": 151.7,
      "max": 1616.5,
      "median": 511.4,
      "p95": 1108.6,
      "p99": 1429.5
    },
    "rps": {
      "count": 420,
      "mean": 6.78
    },
    "scenarioDuration": {
      "min": 2868.5,
      "max": 5769.6,
      "median": 4001.2,
      "p95": 5285.1,
      "p99": 5737.2
    },
    "scenarioCounts": {
      "0": 60
    },
    "errors": {},
    "codes": {
      "200": 180,
      "204": 236,
      "429": 4
    },
    "matches": 0,
    "customStats": {},
    "counters": {},
    "scenariosAvoided": 0,
    "phases": [
      {
        "duration": 60,
        "arrivalRate": 1,
        "name": "Phase 1"
      }
    ]
  },
  "intermediate": [
    {
      "timestamp": "2021-03-23T02:37:07.241Z",
      "scenariosCreated": 9,
      "scenariosCompleted": 5,
      "requestsCompleted": 50,
      "latency": {
        "min": 154,
        "max": 1347.3,
        "median": 550.5,
        "p95": 1232.4,
        "p99": 1347.3
      },
      "rps": {
        "count": 54,
        "mean": 6.06
      },
      "scenarioDuration": {
        "min": 4484.7,
        "max": 5149.9,
        "median": 4947.4,
        "p95": 5149.9,
        "p99": 5149.9
      },
      "scenarioCounts": {
        "0": 9
      },
      "errors": {},
      "codes": {
        "200": 25,
        "204": 25
      },
      "matches": 0,
      "latencies": [
        658279200,
        481760400,
        464411500,
        689646000,
        481209800,
        658030100,
        532080200,
        333662900,
        606245600,
        496857100,
        552334100,
        299264100,
        515325100,
        951657700,
        543819800,
        619899400,
        663685200,
        663348100,
        466437900,
        290119000,
        673753600,
        1232423300,
        598859700,
        749574400,
        343440600,
        282721200,
        453401200,
        548728500,
        1326428400,
        158353600,
        1088038800,
        916558900,
        906210800,
        478143700,
        991994500,
        1006384300,
        591509900,
        915639300,
        470137200,
        529391000,
        1222452900,
        206022200,
        372568600,
        153981800,
        750281500,
        530586400,
        429322700,
        460371700,
        1347316500,
        838911100
      ],
      "customStats": {},
      "counters": {},
      "concurrency": 4,
      "pendingRequests": 4,
      "scenariosAvoided": 0
    },
    {
      "timestamp": "2021-03-23T02:37:17.242Z",
      "scenariosCreated": 10,
      "scenariosCompleted": 10,
      "requestsCompleted": 69,
      "latency": {
        "min": 185.9,
        "max": 1616.5,
        "median": 596.1,
        "p95": 1251.6,
        "p99": 1610.7
      },
      "rps": {
        "count": 69,
        "mean": 6.9
      },
      "scenarioDuration": {
        "min": 3713.2,
        "max": 5404.2,
        "median": 4486.1,
        "p95": 5404.2,
        "p99": 5404.2
      },
      "scenarioCounts": {
        "0": 10
      },
      "errors": {},
      "codes": {
        "200": 30,
        "204": 39
      },
      "matches": 0,
      "latencies": [
        661321200,
        711237100,
        919691800,
        487920700,
        304668300,
        1616538100,
        591849600,
        1015955100,
        596101300,
        206035200,
        331563500,
        588902200,
        511604700,
        1039427100,
        665206200,
        292172200,
        997038400,
        367664200,
        461663200,
        841312400,
        477681900,
        281324200,
        916364800,
        334029400,
        1250556400,
        491352100,
        748767600,
        627156500,
        608187700,
        1586053200,
        289469800,
        467655000,
        608493300,
        425806600,
        333873200,
        725566600,
        297089200,
        696013600,
        1271490400,
        491159600,
        1222512900,
        647497100,
        719492700,
        526247000,
        882416100,
        702664500,
        471567800,
        1140808200,
        282078700,
        777374900,
        967582000,
        548782200,
        642294800,
        185871800,
        1178152700,
        368348100,
        573568600,
        319943400,
        392345100,
        908633300,
        950749700,
        461002800,
        551042600,
        287200200,
        726553700,
        892929900,
        485299900,
        1104891000,
        518202300
      ],
      "customStats": {},
      "counters": {},
      "concurrency": 4,
      "pendingRequests": 4,
      "scenariosAvoided": 0
    },
    {
      "timestamp": "2021-03-23T02:37:27.246Z",
      "scenariosCreated": 10,
      "scenariosCompleted": 11,
      "requestsCompleted": 74,
      "latency": {
        "min": 151.7,
        "max": 1541.7,
        "median": 491.5,
        "p95": 1112.4,
        "p99": 1507.5
      },
      "rps": {
        "count": 73,
        "mean": 7.3
      },
      "scenarioDuration": {
        "min": 2868.5,
        "max": 5769.6,
        "median": 3709.1,
        "p95": 5727.3,
        "p99": 5769.6
      },
      "scenarioCounts": {
        "0": 10
      },
      "errors": {},
      "codes": {
        "200": 30,
        "204": 44
      },
      "matches": 0,
      "latencies": [
        511551500,
        868318000,
        287487000,
        355324700,
        1136662300,
        714629800,
        279518400,
        475107000,
        151686400,
        461782100,
        566420300,
        496047900,
        498707300,
        1399175600,
        821631300,
        548003800,
        345122200,
        862543400,
        457098400,
        279976900,
        873213600,
        975568700,
        564895900,
        1541656900,
        457765700,
        362151800,
        364898900,
        458592300,
        395797500,
        701417700,
        340630000,
        556770500,
        282596000,
        516540300,
        486981000,
        1003372600,
        667952400,
        439827500,
        500893700,
        592880800,
        285541300,
        349565100,
        661597000,
        710161700,
        480480300,
        790017400,
        367780700,
        627799300,
        283025200,
        1014434500,
        339234200,
        160267100,
        543378400,
        681761200,
        812071100,
        393777100,
        338114000,
        498857300,
        415770300,
        500596900,
        282670200,
        776299600,
        1015558500,
        348484400,
        399905500,
        446017700,
        479949200,
        757601900,
        333184300,
        281846000,
        1142730900,
        515135700,
        252574100,
        330872900
      ],
      "customStats": {},
      "counters": {},
      "concurrency": 3,
      "pendingRequests": 3,
      "scenariosAvoided": 0
    },
    {
      "timestamp": "2021-03-23T02:37:37.243Z",
      "scenariosCreated": 10,
      "scenariosCompleted": 9,
      "requestsCompleted": 69,
      "latency": {
        "min": 153.5,
        "max": 928.8,
        "median": 502.3,
        "p95": 853.4,
        "p99": 928.6
      },
      "rps": {
        "count": 70,
        "mean": 7.01
      },
      "scenarioDuration": {
        "min": 3079.2,
        "max": 4382,
        "median": 3532.4,
        "p95": 4382,
        "p99": 4382
      },
      "scenarioCounts": {
        "0": 10
      },
      "errors": {},
      "codes": {
        "200": 30,
        "204": 39
      },
      "matches": 0,
      "latencies": [
        726800800,
        559987700,
        277651300,
        928827500,
        464892500,
        503144400,
        511173000,
        585094300,
        468886000,
        289377500,
        493273900,
        464831300,
        445226500,
        460567500,
        576216400,
        277980200,
        502341100,
        558592900,
        523546800,
        425526200,
        521299200,
        525667700,
        629092800,
        339183300,
        297444000,
        701660700,
        352682300,
        437626400,
        282010200,
        754494300,
        460174400,
        410852200,
        514690900,
        554980600,
        583303200,
        796684400,
        714313200,
        156863400,
        640814800,
        667761000,
        425310400,
        927607900,
        502377900,
        512654700,
        466675900,
        323713200,
        578077100,
        399200600,
        449358800,
        327356800,
        790149800,
        153459900,
        531662600,
        476544800,
        405238300,
        155902100,
        779045100,
        773323100,
        337491400,
        384366300,
        474298300,
        414975400,
        156449800,
        543069000,
        825564500,
        468239200,
        919922700,
        849847400,
        847325300
      ],
      "customStats": {},
      "counters": {},
      "concurrency": 4,
      "pendingRequests": 4,
      "scenariosAvoided": 0
    },
    {
      "timestamp": "2021-03-23T02:37:47.243Z",
      "scenariosCreated": 10,
      "scenariosCompleted": 10,
      "requestsCompleted": 69,
      "latency": {
        "min": 157.2,
        "max": 1140.9,
        "median": 465.4,
        "p95": 929.5,
        "p99": 1133.4
      },
      "rps": {
        "count": 69,
        "mean": 6.9
      },
      "scenarioDuration": {
        "min": 3030.6,
        "max": 4940.6,
        "median": 3440,
        "p95": 4940.6,
        "p99": 4940.6
      },
      "scenarioCounts": {
        "0": 10
      },
      "errors": {},
      "codes": {
        "200": 31,
        "204": 38
      },
      "matches": 0,
      "latencies": [
        466705000,
        369962700,
        336821900,
        603075900,
        1101390800,
        445281000,
        282866300,
        157174600,
        696346400,
        456327300,
        457970000,
        458831000,
        513269100,
        325394400,
        199415300,
        867484200,
        814591400,
        447299000,
        467080700,
        577512600,
        400566600,
        563353700,
        279410800,
        418628600,
        1140891800,
        464401100,
        514760400,
        527655700,
        332839400,
        594466200,
        384505500,
        288945300,
        730313900,
        483887800,
        417602800,
        533193200,
        415587800,
        709459500,
        921277400,
        304881900,
        557115600,
        257702800,
        526839500,
        905359800,
        1086239100,
        431481100,
        289749800,
        846403400,
        380481900,
        293115000,
        452029800,
        517132600,
        465410000,
        555058400,
        315911800,
        417502100,
        285877900,
        602492700,
        743530000,
        645334200,
        480917100,
        780843700,
        750542800,
        576114300,
        338099400,
        285767400,
        594926100,
        444198800,
        302917600
      ],
      "customStats": {},
      "counters": {},
      "concurrency": 4,
      "pendingRequests": 4,
      "scenariosAvoided": 0
    },
    {
      "timestamp": "2021-03-23T02:37:57.246Z",
      "scenariosCreated": 10,
      "scenariosCompleted": 10,
      "requestsCompleted": 70,
      "latency": {
        "min": 153.1,
        "max": 1227.9,
        "median": 502.2,
        "p95": 1079.2,
        "p99": 1211
      },
      "rps": {
        "count": 70,
        "mean": 7
      },
      "scenarioDuration": {
        "min": 3707.6,
        "max": 5070,
        "median": 3908.9,
        "p95": 5070,
        "p99": 5070
      },
      "scenarioCounts": {
        "0": 10
      },
      "errors": {},
      "codes": {
        "200": 29,
        "204": 41
      },
      "matches": 0,
      "latencies": [
        1227911000,
        281981400,
        505980300,
        365718900,
        662280000,
        622835700,
        570613800,
        1056251000,
        1074085200,
        300613600,
        332024000,
        408231100,
        1112366800,
        470339700,
        286742700,
        646249600,
        1073931000,
        863094400,
        491272900,
        411407900,
        469312300,
        452858200,
        640772900,
        289226600,
        997244000,
        492487600,
        710297600,
        568909000,
        538089800,
        915144700,
        158977800,
        473885800,
        901234100,
        461261700,
        414842700,
        711540300,
        506105000,
        159421300,
        544537700,
        1079241900,
        477343700,
        338486800,
        600776200,
        988210700,
        333244700,
        1143507200,
        391170600,
        478852500,
        474807800,
        862709800,
        838285800,
        703183500,
        481442000,
        290515400,
        601431500,
        506796900,
        474841700,
        153236200,
        610467400,
        758879900,
        290207500,
        487942500,
        498398900,
        340183800,
        153104300,
        712581800,
        829390900,
        332447900,
        462653300,
        925951200
      ],
      "customStats": {},
      "counters": {},
      "concurrency": 4,
      "pendingRequests": 4,
      "scenariosAvoided": 0
    },
    {
      "timestamp": "2021-03-23T02:38:00.309Z",
      "scenariosCreated": 1,
      "scenariosCompleted": 5,
      "requestsCompleted": 19,
      "latency": {
        "min": 176.6,
        "max": 1500.3,
        "median": 556.7,
        "p95": 1352.8,
        "p99": 1500.3
      },
      "rps": {
        "count": 15,
        "mean": 4.92
      },
      "scenarioDuration": {
        "min": 2884.1,
        "max": 5446,
        "median": 3933.5,
        "p95": 5446,
        "p99": 5446
      },
      "scenarioCounts": {
        "0": 1
      },
      "errors": {},
      "codes": {
        "200": 5,
        "204": 10,
        "429": 4
      },
      "matches": 0,
      "latencies": [
        665560500,
        986373700,
        358070700,
        1172440400,
        281941100,
        584584300,
        505635900,
        1039670000,
        879161600,
        1500282200,
        278942600,
        663420200,
        763810800,
        522199400,
        556744200,
        314630700,
        326026800,
        380500000,
        176648800
      ],
      "customStats": {},
      "counters": {},
      "concurrency": 0,
      "pendingRequests": 0,
      "scenariosAvoided": 0
    }
  ]
}