{
  "aggregate": {
    "timestamp": "2021-03-23T03:17:10.236Z",
    "scenariosCreated": 1,
    "scenariosCompleted": 1,
    "requestsCompleted": 7,
    "latency": {
      "min": 392.7,
      "max": 904,
      "median": 715.2,
      "p95": 904,
      "p99": 904
    },
    "rps": {
      "count": 7,
      "mean": 1.38
    },
    "scenarioDuration": {
      "min": 4822.2,
      "max": 4822.2,
      "median": 4822.2,
      "p95": 4822.2,
      "p99": 4822.2
    },
    "scenarioCounts": {
      "0": 1
    },
    "errors": {},
    "codes": {
      "200": 3,
      "204": 4
    },
    "matches": 0,
    "customStats": {},
    "counters": {},
    "scenariosAvoided": 0,
    "phases": [
      {
        "duration": 1,
        "arrivalRate": 1,
        "name": "Phase 1"
      }
    ]
  },
  "intermediate": [
    {
      "timestamp": "2021-03-23T03:17:10.224Z",
      "scenariosCreated": 1,
      "scenariosCompleted": 1,
      "requestsCompleted": 7,
      "latency": {
        "min": 392.7,
        "max": 904,
        "median": 715.2,
        "p95": 904,
        "p99": 904
      },
      "rps": {
        "count": 7,
        "mean": 1.39
      },
      "scenarioDuration": {
        "min": 4822.2,
        "max": 4822.2,
        "median": 4822.2,
        "p95": 4822.2,
        "p99": 4822.2
      },
      "scenarioCounts": {
        "0": 1
      },
      "errors": {},
      "codes": {
        "200": 3,
        "204": 4
      },
      "matches": 0,
      "latencies": [
        738103700,
        605052000,
        572348500,
        715246700,
        392747600,
        903962800,
        761690500
      ],
      "customStats": {},
      "counters": {},
      "concurrency": 0,
      "pendingRequests": 0,
      "scenariosAvoided": 0
    }
  ]
}